Name,Title,Body
Leanne Graham,sunt aut facere repellat provident occaecati excepturi optio reprehenderit,"laudantium enim quasi est quidem magnam voluptate ipsam eos
tempora quo necessitatibus
dolor quam autem quasi
reiciendis et nam sapiente accusantium"
Ervin Howell,qui est esse,"est natus enim nihil est dolore omnis voluptatem numquam
et omnis occaecati quod ullam at
voluptatem error expedita pariatur
nihil sint nostrum voluptatem reiciendis et"
Clementine Bauch,ea molestias quasi exercitationem repellat qui ipsa sit aut,"quia molestiae reprehenderit quasi aspernatur
aut expedita occaecati aliquam eveniet laudantium
omnis quibusdam delectus saepe quia accusamus maiores nam est
cum et ducimus et vero voluptates excepturi deleniti ratione"
Patricia Lebsack,eum et est occaecati,"non et atque
occaecati deserunt quas accusantium unde odit nobis qui voluptatem
quia voluptas consequuntur itaque dolor
et qui rerum deleniti ut occaecati"
Chelsey Dietrich,nesciunt quas odio,"harum non quasi et ratione
tempore iure ex voluptates in ratione
harum architecto fugit inventore cupiditate
voluptates magni quo et"
Mrs. Dennis Schulist,dolorem eum magni eos aperiam quia,"doloribus at sed quis culpa deserunt consectetur qui praesentium
accusamus fugiat dicta
voluptatem rerum ut voluptate autem
voluptatem repellendus aspernatur dolorem in"
Kurtis Weissnat,magnam facilis autem,"maiores sed dolores similique labore et inventore et
quasi temporibus esse sunt id et
eos voluptatem aliquam
aliquid ratione corporis molestiae mollitia quia et magnam dolor"
Nicholas Runolfsdottir V,dolorem dolore est ipsam,"ut voluptatem corrupti velit
ad voluptatem maiores
et nisi velit vero accusamus maiores
voluptates quia aliquid ullam eaque"
Glenna Reichert,nesciunt iure omnis dolorem tempora et accusantium,"sapiente assumenda molestiae atque
adipisci laborum distinctio aperiam et ab ut omnis
et occaecati aspernatur odit sit rem expedita
quas enim ipsam minus"
Clementina DuBuque,optio molestias id quia eum,"voluptate iusto quis nobis reprehenderit ipsum amet nulla
quia quas dolores velit et non
aut quia necessitatibus
nostrum quaerat nulla et accusamus nisi facilis"
